,title,href,tag,summary
0,Wagner boss Prigozhin met Putin after mutiny,/news/world-europe-66154909,Europe,"The meeting in Moscow took place days after last month's failed rebellion, the Kremlin says."
1,Joe Biden meeting King Charles at Windsor Castle,https://www.bbc.com/news/live/uk-66116088,UK,
2,Top US senator calls for Prime Energy drink probe,https://www.bbc.com/news/business-66150857,Business,
3,Eight iconic photos of US wilderness,https://www.bbc.com/culture/article/20230706-ansel-adams-eight-of-the-most-iconic-photos-of-the-american-west,Culture,
4,Why recruiters 'love bomb' candidates,https://www.bbc.com/worklife/article/20230705-work-love-bombing-when-companies-come-on-too-strong,Worklife,
5,Boat spotted during search for missing migrant vessel,/news/world-europe-66150788,Europe,"Around 200 people including children are thought to be on board the ship, which set off from Senegal."
6,How TikTok fuels human smuggling at the US border,/news/world-us-canada-65848683,US & Canada,TikTok ads and misinformation are driving migrants to multi-billion dollar smuggling organisations.
7,Threads app signs up 100m users in less than a week,/news/technology-66153244,Technology,Meta's rival to Twitter has surpassed a record set by Open AI's ChatGPT app since its launch.
8,"Watch Wimbledon: Medvedev & Rybakina through, Djokovic resumes",/sport/live/tennis/65584744,Tennis,"Follow BBC TV coverage, radio and live text commentary as Novak Djokovic returns to finish his fourth-round match on Centre Court."
9,Transfer latest and Postecoglou news conference,/sport/live/football/66148053,Football,"Ange Postecoglou holds first news conference as Spurs boss, while Man Utd are looking for a new goalkeeper after David de Gea ends his 12-year stay at Old Trafford."
10,"County Championship, day one - radio & text",/sport/live/cricket/64958564,Cricket,Follow live text updates and BBC radio commentary from the first day of the tenth round of the 2023 County Championship.
11,The British village in the middle of the Brazilian rainforest,/reel/video/p0fxl0vp/the-engineering-marvel-lost-in-the-brazilian-tropics,,
12,Jeff Bezos' political superpower revealed,/reel/video/p0fzd25s/jeff-bezos-political-superpower-revealed,,
13,The ancient Viking runestone offering a warning to the future,/reel/video/p08676tt/the-ancient-viking-runestone-revealing-a-modern-fear,,
14,The rise of job-searching burnout,https://www.bbc.com/worklife/article/20230628-why-unemployed-workers-are-so-burnt-out,Worklife,"Jobs can cause burnout, of course – but so can looking for a new role"
15,The rebellious city with a dark past,https://www.bbc.com/travel/article/20230709-the-english-city-facing-up-to-its-troubled-past,Travel,"It's trying to reconcile its troubled past and present, rather than ignoring it"
16,Why syphilis is rising around the world,https://www.bbc.com/future/article/20230706-the-troubling-rise-in-congenital-syphilis,Future,"Once thought to be in decline, why are cases of this disease increasing?"
17,Why Wimbledon’s dress code is so strict,https://www.bbc.com/culture/article/20230707-wimbledon-the-controversy-of-tenniss-strict-146-year-old-dress-code,Culture,The rules have changed for the first time in the tournament's 146-year history
18,'Long Covid forced me to leave my city job',https://www.bbc.com/news/uk-england-beds-bucks-herts-65989474,UK,Prolonged brain fog means Marcus Whitehead has had to retire early
19,Ghana's batmen hunting for pandemic clues,https://www.bbc.com/news/world-africa-66122925,Africa,Scientists want to understand exactly how pathogens can jump species and what the next threat may be
20,Chelsea reveal new shirt - but no sponsor,https://www.bbc.com/sport/football/66152580,Football,Chelsea reveal their home kit for the 2023-24 season without a front-of-shirt sponsor
21,What would green shipping look like?,/future/article/20230707-what-would-net-zero-shipping-look-like,,
22,The maps revealing urban heat stress,/future/article/20230706-the-simple-ways-cities-can-adapt-to-heatwaves,,
23,Why white paint could cool India,/future/article/20230628-the-white-roofs-cooling-womens-homes-in-indian-slums,,
24,London wildfire response affected by crew shortage,/news/science-environment-66131541,Science & Environment,"Crew shortages meant 39 engines were not available to fight London's wildfires last July, a review..."
25,The entrepreneurs celebrating their past failures,https://www.bbc.co.uk/news/business-66096066,Business,
26,Family 'upset' with BBC response to presenter claims,/news/entertainment-arts-66150845,Entertainment & Arts,
27,Young adults see rise in severe distress - study,/news/health-66122386,Health,
28,Best in show: Africa's top shots,/news/world-africa-66118610,Africa,
29,Twitter threatens legal action over Threads app,/news/world-us-canada-66129215,US & Canada,
30,Crunch talks due on deep-sea mining controversy,/news/science-environment-66135308,Science & Environment,
31,In pictures: King Charles III celebrations,/news/uk-scotland-66108829,Scotland,
32,Mystery of Holocaust escape girls finally solved,/news/uk-england-tyne-66040197,Tyne & Wear,
33,Eid al-Adha around the world in pictures,/news/world-66041087,World,
34,Photographer shares shots of famous musicians,/news/uk-wales-65989687,Wales,
35,Millinery masterpieces at Royal Ascot,https://www.bbc.co.uk/news/articles/c3g1e00xgy2o,News,
